{"cameraMode":{"drawMode":0,"name":"Shaded","section":"Shading Mode"},"sceneLighting":true,"audioPlay":false,"sceneViewState":{"m_AlwaysRefresh":false,"showFog":true,"showSkybox":true,"showFlares":true,"showImageEffects":true,"showParticleSystems":true,"showVisualEffectGraphs":true,"m_FxEnabled":true},"in2DMode":false,"pivot":{"x":-19.497825622558595,"y":3.3039073944091799,"z":-7.047027587890625},"rotation":{"x":0.012174987234175206,"y":0.9302151203155518,"z":-0.3655107617378235,"w":0.03098360262811184},"size":2.4259378910064699,"orthographic":false}