{"cameraMode":{"drawMode":0,"name":"Shaded","section":"Shading Mode"},"sceneLighting":true,"audioPlay":false,"sceneViewState":{"m_AlwaysRefresh":false,"showFog":true,"showSkybox":true,"showFlares":true,"showImageEffects":true,"showParticleSystems":true,"showVisualEffectGraphs":true,"m_FxEnabled":true},"in2DMode":false,"pivot":{"x":-15.909000396728516,"y":1.0500000715255738,"z":-2.8239998817443849},"rotation":{"x":0.2454947680234909,"y":0.23559696972370149,"z":-0.06164010986685753,"w":0.9383130669593811},"size":8.143808364868164,"orthographic":false}